repeated_times,Accuracy,Precision,Recall,F1,AUC,CV_list(AUC)
10,0.8485074626865672,0.7773081126530214,0.7126860505365178,0.7341771359947706,0.9015576323987539,"[np.float64(0.9151955694011769), np.float64(0.8411214953271028), np.float64(0.8895811699550018), np.float64(0.9356178608515057), np.float64(0.9307718933887159), np.float64(0.9550017307026653), np.float64(0.8805815160955348), np.float64(0.8771201107649705), np.float64(0.8778123918310834), np.float64(0.9127725856697819)]"
