repeated_times,Accuracy,Precision,Recall,F1,AUC,CV_list(AUC)
10,0.8821192052980132,0.7496755083563758,0.5878987240829346,0.6119748352292494,0.8598285486443382,"[np.float64(0.8153907496012759), np.float64(0.8484848484848485), np.float64(0.85207336523126), np.float64(0.8895534290271132), np.float64(0.8777910685805422), np.float64(0.9244417862838915), np.float64(0.8225677830940988), np.float64(0.9138755980861244), np.float64(0.794457735247209), np.float64(0.8596491228070176)]"
