repeated_times,Accuracy,Precision,Recall,F1,AUC,CV_list(AUC)
10,0.8483221476510068,0.7574159157719638,0.7082865997638725,0.7266474585637255,0.8714876033057852,"[np.float64(0.8756641086186541), np.float64(0.875), np.float64(0.8707939787485242), np.float64(0.8951446280991735), np.float64(0.8420159386068478), np.float64(0.8643004722550176), np.float64(0.8647432113341205), np.float64(0.8735979929161748), np.float64(0.8809031877213696), np.float64(0.8727125147579694)]"
